tweet_id,tags
1588600735255642112,#paidinternships
1588609982429204481,#databaseJobs
1588660882975907842,#databaseJobs
1588706970554753024,#paidinternships
1588926782090010624,#databaseJobs
1589569624768909312,#paidinternships
1589990570075701249,#databaseJobs
1590016267515142145,#databaseJobs
1590042310120599552,#databaseJobs
1590057657246760960,#databaseJobs
1590059507107127297,#databaseJobs
1590071461246808064,#databaseJobs
1590094759506284544,#databaseJobs
1590102456867790849,#databaseJobs
1590350704774119424,#paidinternships
1590399902638833664,#databaseJobs
1590407580962414592,#paidinternships
1590651914265726977,#paidinternships
1590676016959131648,#bakingjobs
1590693647284326400,#paidinternships
1590723769013702656,#paidinternships
1590811155244584960,#databaseJobs
1590816206264492032,#databaseJobs
1590823441959030784,#databaseJobs
1591038353105125376,#bakingjobs
1591129017481977859,#databaseJobs
1591136545645350912,#databaseJobs
1591457620371439616,#databaseJobs
